{
  "accuracy": 0.8414890423296307,
  "confusion_matrix": [
    [
      2301,
      373
    ],
    [
      155,
      502
    ]
  ],
  "classification_report": {
    "0": {
      "precision": 0.9368892508143323,
      "recall": 0.8605086013462977,
      "f1-score": 0.8970760233918129,
      "support": 2674.0
    },
    "1": {
      "precision": 0.5737142857142857,
      "recall": 0.7640791476407914,
      "f1-score": 0.6553524804177546,
      "support": 657.0
    },
    "accuracy": 0.8414890423296307,
    "macro avg": {
      "precision": 0.7553017682643091,
      "recall": 0.8122938744935446,
      "f1-score": 0.7762142519047838,
      "support": 3331.0
    },
    "weighted avg": {
      "precision": 0.8652573228435335,
      "recall": 0.8414890423296307,
      "f1-score": 0.8493989391126305,
      "support": 3331.0
    }
  },
  "train_rows": 13320,
  "test_rows": 3331,
  "categorical_features": [
    "sexo",
    "carrera",
    "facultad",
    "grupo_depen",
    "region",
    "pace",
    "gratuidad"
  ],
  "numeric_features": [
    "periodo",
    "preferencia",
    "puntaje",
    "latitud",
    "longitud",
    "ptje_nem",
    "psu_promlm"
  ]
}